,ID,Database,SMILES_chiral,Counts,MW,HBA,HBD,LOGP,TPSA,RB,ROMol,SMILES,SA_score,NumCarbons,NumOxygens,NumNitrogens,FractionOfCarbons,FractionOfOxygens,FractionOfNitrogens,CSP3,FractionOfChiralCarbons,NumHeavyAtoms,Ring,AliphaticRing,AromaticRing,Heterocycle,AliphaticHeterocycle,AromaticHeterocycle,SpiroAtom,BridgeheadAtom
0,QHM-0001205,CRAFT,Nc1ccc2c(-c3ccccc3)[nH]nc2c1,,209.095297352,2,2,2.8121,54.7,1,<rdkit.Chem.rdchem.Mol object at 0x7a1422ddf920>,Nc1ccc2c(-c3ccccc3)n[nH]c2c1,2.054,13,0,3,0.8125,0.0,0.1875,0.0,0.0,16,3,0,3,1,0,3,0,0
1,QHM-0001197,CRAFT,O=C1NC(=S)NC(=O)C1=Cc1c(Cl)cccc1Cl,,299.952703792,3,2,1.9077,58.2,1,<rdkit.Chem.rdchem.Mol object at 0x7a1422ddfca0>,O=C1NC(=S)NC(=O)C1=Cc1c(Cl)cccc1Cl,2.494,11,2,2,0.6111111111111112,0.1111111111111111,0.1111111111111111,0.0,0.0,18,2,1,1,1,1,1,0,0
2,QHM-0001196,CRAFT,O=C1NC(=S)NC(=O)C1=C/C=C/c1ccccc1,,258.04629856,3,2,1.1571000000000002,58.2,2,<rdkit.Chem.rdchem.Mol object at 0x7a1422ddfd10>,O=C1NC(=S)NC(=O)C1=C/C=C/c1ccccc1,2.47,13,2,2,0.7222222222222222,0.1111111111111111,0.1111111111111111,0.0,0.0,18,2,1,1,1,1,1,0,0
3,QHM-0001195,CRAFT,CC(C)OC(=O)Cc1cccnc1,,179.094628656,3,0,1.5757,39.19,3,<rdkit.Chem.rdchem.Mol object at 0x7a1422ddfd80>,CC(C)OC(=O)Cc1cccnc1,1.884,10,2,1,0.7692307692307693,0.1538461538461538,0.0769230769230769,0.4,0.0,13,1,0,1,1,0,1,0,0
4,QHM-0001191,CRAFT,Nc1ccc2c(O)n(C3CC3)cc2c1,,188.094963004,3,2,2.264,51.18,1,<rdkit.Chem.rdchem.Mol object at 0x7a1422ddff40>,Nc1ccc2c(c1)CN(C1CC1)C2=O,2.611,11,1,2,0.7857142857142857,0.0714285714285714,0.1428571428571428,0.2727272727272727,0.0,14,3,1,2,1,0,2,0,0
5,QHM-0001173,CRAFT,Nc1ccc2c(I)[nH]nc2c1,,258.960645192,2,2,1.7497,54.7,0,<rdkit.Chem.rdchem.Mol object at 0x7a142f280740>,Nc1ccc2c(I)n[nH]c2c1,2.738,7,0,3,0.6363636363636364,0.0,0.2727272727272727,0.0,0.0,11,2,0,2,1,0,2,0,0
6,QHM-0001155,CRAFT,CN1C(=O)C(=C/C=C/c2ccccc2)C(=O)N(C)C1=O,,270.100442308,3,0,1.6766,57.690000000000005,2,<rdkit.Chem.rdchem.Mol object at 0x7a142f280f20>,CN1C(=O)C(=C/C=C/c2ccccc2)C(=O)N(C)C1=O,2.367,15,3,2,0.75,0.15,0.1,0.1333333333333333,0.0,20,2,1,1,1,1,1,0,0
7,QHM-0001130,CRAFT,Nc1cccc(-c2cc(CO)ccc2F)c1,,217.090292224,2,2,2.5672000000000006,46.25,2,<rdkit.Chem.rdchem.Mol object at 0x7a142f281a10>,Nc1cccc(-c2cc(CO)ccc2F)c1,1.872,13,1,1,0.8125,0.0625,0.0625,0.0769230769230769,0.0,16,2,0,2,0,0,2,0,0
8,QHM-0001129,CRAFT,O=c1[nH]c(Cl)nc2ccc(Br)cc12,,257.919552528,2,1,2.3390000000000004,45.75,0,<rdkit.Chem.rdchem.Mol object at 0x7a142f281a80>,O=c1[nH]c(Cl)nc2ccc(Br)cc12,2.403,8,1,2,0.6153846153846154,0.0769230769230769,0.1538461538461538,0.0,0.0,13,2,0,2,1,0,2,0,0
9,QHM-0001113,CRAFT,Nc1ccc(-c2cc(CO)ccc2F)cc1,,217.090292224,2,2,2.5672000000000006,46.25,2,<rdkit.Chem.rdchem.Mol object at 0x7a142f282180>,Nc1ccc(-c2cc(CO)ccc2F)cc1,1.8,13,1,1,0.8125,0.0625,0.0625,0.0769230769230769,0.0,16,2,0,2,0,0,2,0,0
10,QHM-0001059,CRAFT,Nc1ccc(C#Cc2cccc(N)c2)cc1,,208.100048384,2,2,2.2508,52.04,0,<rdkit.Chem.rdchem.Mol object at 0x7a142f283920>,Nc1ccc(C#Cc2cccc(N)c2)cc1,2.106,14,0,2,0.875,0.0,0.125,0.0,0.0,16,2,0,2,0,0,2,0,0
11,QHM-0001050,CRAFT,O=c1[nH]c2ccccc2nc1Cl,,180.00904046,2,1,1.5765,45.75,0,<rdkit.Chem.rdchem.Mol object at 0x7a142f283d10>,O=c1[nH]c2ccccc2nc1Cl,2.066,8,1,2,0.6666666666666666,0.0833333333333333,0.1666666666666666,0.0,0.0,12,2,0,2,1,0,2,0,0
12,QHM-0001049,CRAFT,Clc1nc2ccccc2nc1Cl,,197.975153488,2,0,2.9366000000000003,25.78,0,<rdkit.Chem.rdchem.Mol object at 0x7a142f283d80>,Clc1nc2ccccc2nc1Cl,1.937,8,0,2,0.6666666666666666,0.0,0.1666666666666666,0.0,0.0,12,2,0,2,1,0,2,0,0
13,QHM-0001014,CRAFT,CC(=O)Nc1ccc(C#Cc2ccc3[nH]ncc3c2)cc1,,275.105862036,2,2,2.921100000000001,57.78,1,<rdkit.Chem.rdchem.Mol object at 0x7a142e598d60>,CC(=O)Nc1ccc(C#Cc2ccc3[nH]ncc3c2)cc1,2.238,17,1,3,0.8095238095238095,0.0476190476190476,0.1428571428571428,0.0588235294117647,0.0,21,3,0,3,1,0,3,0,0
14,QHM-0001013,CRAFT,CC(=O)Nc1ccc(C#Cc2ccc3[nH]cnc3c2)cc1,,275.105862036,2,2,2.921100000000001,57.78,1,<rdkit.Chem.rdchem.Mol object at 0x7a142e598dd0>,CC(=O)Nc1ccc(C#Cc2ccc3[nH]cnc3c2)cc1,2.311,17,1,3,0.8095238095238095,0.0476190476190476,0.1428571428571428,0.0588235294117647,0.0,21,3,0,3,1,0,3,0,0
15,QHM-0001006,CRAFT,Brc1cc2c[nH]nc2cn1,,196.958859228,2,1,1.7203999999999993,41.57,0,<rdkit.Chem.rdchem.Mol object at 0x7a142e5990e0>,Brc1cc2cn[nH]c2cn1,3.395,6,0,3,0.6,0.0,0.3,0.0,0.0,10,2,0,2,2,0,2,0,0
16,QHM-0000993,CRAFT,O=C1N=C(C=CCc2ccccc2)C(=O)N1,,214.07422756,2,1,1.4761,58.53,3,<rdkit.Chem.rdchem.Mol object at 0x7a142e599690>,O=C1NC(=O)/C(=C\C=C\c2ccccc2)N1,2.82,12,2,2,0.75,0.125,0.125,0.0833333333333333,0.0,16,2,1,1,1,1,1,0,0
17,QHM-0000991,CRAFT,CC(C)c1ccc(CC2=NC(=O)NC2=O)cc1,,230.105527688,2,1,2.0433000000000003,58.53,3,<rdkit.Chem.rdchem.Mol object at 0x7a142e599770>,CC(C)c1ccc(/C=C2/NC(=O)NC2=O)cc1,2.555,13,2,2,0.7647058823529411,0.1176470588235294,0.1176470588235294,0.3076923076923077,0.0,17,2,1,1,1,1,1,0,0
18,QHM-0000979,CRAFT,O=C(CCl)n1ncc2ccccc21,,194.024690524,3,0,1.9153,34.89,1,<rdkit.Chem.rdchem.Mol object at 0x7a142e599cb0>,O=C(CCl)n1ncc2ccccc21,2.416,9,1,2,0.6923076923076923,0.0769230769230769,0.1538461538461538,0.1111111111111111,0.0,13,2,0,2,1,0,2,0,0
19,QHM-0000974,CRAFT,O=C(CCl)N1CCOCC1,,163.04000624,2,0,0.084,29.540000000000003,1,<rdkit.Chem.rdchem.Mol object at 0x7a142e599ee0>,O=C(CCl)N1CCOCC1,2.076,6,2,1,0.6,0.2,0.1,0.8333333333333334,0.0,10,1,1,0,1,1,0,0,0
20,QHM-0000973,CRAFT,O=C(CCl)Nc1ccc(F)nc1,,188.015268712,2,1,1.398,41.99,2,<rdkit.Chem.rdchem.Mol object at 0x7a142e599f50>,O=C(CCl)Nc1ccc(F)nc1,2.142,7,1,2,0.5833333333333334,0.0833333333333333,0.1666666666666666,0.1428571428571428,0.0,12,1,0,1,1,0,1,0,0
21,QHM-0000970,CRAFT,O=C(CCl)Nc1ccc(-n2ccnc2)cc1,,235.05123962,3,1,2.0496,46.92,3,<rdkit.Chem.rdchem.Mol object at 0x7a142e59a0a0>,O=C(CCl)Nc1ccc(-n2ccnc2)cc1,2.007,11,1,3,0.6875,0.0625,0.1875,0.0909090909090909,0.0,16,2,0,2,1,0,2,0,0
22,QHM-0000963,CRAFT,N=c1[nH][nH]c2ccccc12,,133.063997224,1,3,0.97547,55.43,0,<rdkit.Chem.rdchem.Mol object at 0x7a142e59a3b0>,Nc1n[nH]c2ccccc12,3.071,7,0,3,0.7,0.0,0.3,0.0,0.0,10,2,0,2,1,0,2,0,0
23,QHM-0000960,CRAFT,N#Cc1[nH]nc2ccccc12,,143.04834716,2,1,1.43458,52.47,0,<rdkit.Chem.rdchem.Mol object at 0x7a142e59a500>,N#Cc1n[nH]c2ccccc12,2.534,8,0,3,0.7272727272727273,0.0,0.2727272727272727,0.0,0.0,11,2,0,2,1,0,2,0,0
24,QHM-0000959,CRAFT,CCOC(=O)C=Cc1[nH]nc2ccccc12,,216.089877624,3,1,2.1392,54.98,3,<rdkit.Chem.rdchem.Mol object at 0x7a142e59a570>,CCOC(=O)/C=C/c1n[nH]c2ccccc12,2.347,12,2,2,0.75,0.125,0.125,0.1666666666666666,0.0,16,2,0,2,1,0,2,0,0
25,QHM-0000958,CRAFT,O=Cc1[nH]nc2ccccc12,,146.048012812,2,1,1.3754,45.75,1,<rdkit.Chem.rdchem.Mol object at 0x7a142e59a5e0>,O=Cc1n[nH]c2ccccc12,2.436,8,1,2,0.7272727272727273,0.0909090909090909,0.1818181818181818,0.0,0.0,11,2,0,2,1,0,2,0,0
26,QHM-0000956,CRAFT,N=c1cc[nH][nH]1,,83.04834715999999,1,3,-0.17773,55.43,0,<rdkit.Chem.rdchem.Mol object at 0x7a142e59a6c0>,Nc1cc[nH]n1,4.775,3,0,3,0.5,0.0,0.5,0.0,0.0,6,1,0,1,1,0,1,0,0
27,QHM-0000955,CRAFT,Cn1cccn1,,82.053098192,2,0,0.4200999999999999,17.82,0,<rdkit.Chem.rdchem.Mol object at 0x7a142e59a730>,Cn1cccn1,3.019,4,0,2,0.6666666666666666,0.0,0.3333333333333333,0.25,0.0,6,1,0,1,1,0,1,0,0
28,QHM-0000954,CRAFT,Cc1cc[nH]n1,,82.053098192,1,1,0.7181199999999999,28.68,0,<rdkit.Chem.rdchem.Mol object at 0x7a142e59a7a0>,Cc1cc[nH]n1,3.467,4,0,2,0.6666666666666666,0.0,0.3333333333333333,0.25,0.0,6,1,0,1,1,0,1,0,0
29,QHM-0000953,CRAFT,c1cn[nH]c1,,68.037448128,1,1,0.4096999999999999,28.68,0,<rdkit.Chem.rdchem.Mol object at 0x7a142e59a810>,c1cn[nH]c1,3.744,3,0,2,0.6,0.0,0.4,0.0,0.0,5,1,0,1,1,0,1,0,0
30,QHM-0000949,CRAFT,FC(F)(F)c1cc[nH]n1,,136.024832756,1,1,1.4284999999999997,28.68,0,<rdkit.Chem.rdchem.Mol object at 0x7a142e59a9d0>,FC(F)(F)c1cc[nH]n1,3.366,4,0,2,0.4444444444444444,0.0,0.2222222222222222,0.25,0.0,9,1,0,1,1,0,1,0,0
31,QHM-0000948,CRAFT,Cc1cn[nH]c1,,82.053098192,1,1,0.7181199999999999,28.68,0,<rdkit.Chem.rdchem.Mol object at 0x7a142e59aa40>,Cc1cn[nH]c1,3.323,4,0,2,0.6666666666666666,0.0,0.3333333333333333,0.25,0.0,6,1,0,1,1,0,1,0,0
32,QHM-0000944,CRAFT,CC(=O)Nc1ccc(C#Cc2ccc(N)cc2)cc1,,250.110613068,2,2,2.6270000000000007,55.120000000000005,1,<rdkit.Chem.rdchem.Mol object at 0x7a142e59ac00>,CC(=O)Nc1ccc(C#Cc2ccc(N)cc2)cc1,1.927,16,1,2,0.8421052631578947,0.0526315789473684,0.1052631578947368,0.0625,0.0,19,2,0,2,0,0,2,0,0
33,QHM-0000935,CRAFT,O=c1[nH]c(Cl)nc2ccccc12,,180.00904046,2,1,1.5765,45.75,0,<rdkit.Chem.rdchem.Mol object at 0x7a142e59aff0>,O=c1[nH]c(Cl)nc2ccccc12,2.221,8,1,2,0.6666666666666666,0.0833333333333333,0.1666666666666666,0.0,0.0,12,2,0,2,1,0,2,0,0
34,QHM-0000934,CRAFT,Clc1nc(Cl)c2ccccc2n1,,197.975153488,2,0,2.936600000000001,25.78,0,<rdkit.Chem.rdchem.Mol object at 0x7a142e59b060>,Clc1nc(Cl)c2ccccc2n1,1.955,8,0,2,0.6666666666666666,0.0,0.1666666666666666,0.0,0.0,12,2,0,2,1,0,2,0,0
35,QHM-0000930,CRAFT,C#Cc1ccc(NC(=O)OC)cc1,,175.063328528,2,1,1.8462,38.33,1,<rdkit.Chem.rdchem.Mol object at 0x7a142e59b220>,C#Cc1ccc(NC(=O)OC)cc1,1.955,10,2,1,0.7692307692307693,0.1538461538461538,0.0769230769230769,0.1,0.0,13,1,0,1,0,0,1,0,0
36,QHM-0000929,CRAFT,C#Cc1ccc(N=C=S)cc1,,159.01427016,2,0,2.402200000000001,12.36,1,<rdkit.Chem.rdchem.Mol object at 0x7a142e59b290>,C#Cc1ccc(N=C=S)cc1,2.887,9,0,1,0.8181818181818182,0.0,0.0909090909090909,0.0,0.0,11,1,0,1,0,0,1,0,0
37,QHM-0000926,CRAFT,Oc1ccc2[nH]nc(I)c2c1,,259.94466078,2,2,1.8731,48.91,0,<rdkit.Chem.rdchem.Mol object at 0x7a142e59b3e0>,Oc1ccc2[nH]nc(I)c2c1,2.848,7,1,2,0.6363636363636364,0.0909090909090909,0.1818181818181818,0.0,0.0,11,2,0,2,1,0,2,0,0
38,QHM-0000913,CRAFT,CC1(C)OB(c2ccc3[nH]ncc3c2)OC1(C)C,,244.138308184,3,1,1.8621,47.14,1,<rdkit.Chem.rdchem.Mol object at 0x7a142e59b990>,CC1(C)OB(c2ccc3[nH]ncc3c2)OC1(C)C,2.959,13,2,2,0.7222222222222222,0.1111111111111111,0.1111111111111111,0.4615384615384615,0.0,18,3,1,2,2,1,2,0,0
39,QHM-0000905,CRAFT,Oc1ccc2[nH]ncc2c1,,134.048012812,2,2,1.2685,48.91,0,<rdkit.Chem.rdchem.Mol object at 0x7a142e59bd10>,Oc1ccc2[nH]ncc2c1,2.197,7,1,2,0.7,0.1,0.2,0.0,0.0,10,2,0,2,1,0,2,0,0
40,QHM-0000903,CRAFT,Brc1[nH]nc2ccccc12,,195.96361026,1,1,2.3254,28.68,0,<rdkit.Chem.rdchem.Mol object at 0x7a142e59bdf0>,Brc1n[nH]c2ccccc12,2.327,7,0,2,0.7,0.0,0.2,0.0,0.0,10,2,0,2,1,0,2,0,0
41,QHM-0000894,CRAFT,N/N=C/c1c(Cl)cccc1Cl,,187.990803552,2,1,2.2860000000000005,38.38,1,<rdkit.Chem.rdchem.Mol object at 0x7a142df4c270>,N/N=C/c1c(Cl)cccc1Cl,2.361,7,0,2,0.6363636363636364,0.0,0.1818181818181818,0.0,0.0,11,1,0,1,0,0,1,0,0
42,QHM-0000893,CRAFT,N/N=C/c1ccc(Cl)cc1Cl,,187.990803552,2,1,2.2860000000000005,38.38,1,<rdkit.Chem.rdchem.Mol object at 0x7a142df4c2e0>,N/N=C/c1ccc(Cl)cc1Cl,2.277,7,0,2,0.6363636363636364,0.0,0.1818181818181818,0.0,0.0,11,1,0,1,0,0,1,0,0
43,QHM-0000889,CRAFT,N#Cc1ccc(CN)cc1,,132.068748256,2,1,1.01698,49.81,1,<rdkit.Chem.rdchem.Mol object at 0x7a142df4c4a0>,N#Cc1ccc(CN)cc1,1.751,8,0,2,0.8,0.0,0.2,0.125,0.0,10,1,0,1,0,0,1,0,0
44,QHM-0000815,CRAFT,Oc1ccccc1-c1[nH]nc2ccccc12,,210.07931294,2,2,2.935500000000001,48.91,1,<rdkit.Chem.rdchem.Mol object at 0x7a142df4e500>,Oc1ccccc1-c1n[nH]c2ccccc12,2.03,13,1,2,0.8125,0.0625,0.125,0.0,0.0,16,3,0,3,1,0,3,0,0
45,QHM-0000801,CRAFT,c1ccc(-n2ncc3ccccc32)nc1,,195.079647288,3,0,2.4205000000000005,30.71,1,<rdkit.Chem.rdchem.Mol object at 0x7a142df4eb20>,c1ccc(-n2ncc3ccccc32)nc1,1.91,12,0,3,0.8,0.0,0.2,0.0,0.0,15,3,0,3,2,0,3,0,0
46,QHM-0000800,CRAFT,CC(C)(C)C(=O)n1ncc2ccccc21,,202.110613068,3,0,2.722600000000001,34.89,0,<rdkit.Chem.rdchem.Mol object at 0x7a142df4eb90>,CC(C)(C)C(=O)n1ncc2ccccc21,2.329,12,1,2,0.8,0.0666666666666666,0.1333333333333333,0.3333333333333333,0.0,15,2,0,2,1,0,2,0,0
47,QHM-0000798,CRAFT,Ic1[nH]nc2ccccc12,,243.94974616,1,1,2.1675000000000004,28.68,0,<rdkit.Chem.rdchem.Mol object at 0x7a142df4ec70>,Ic1n[nH]c2ccccc12,2.365,7,0,2,0.7,0.0,0.2,0.0,0.0,10,2,0,2,1,0,2,0,0
48,QHM-0000781,CRAFT,O=c1cc2c(c[nH]1)N=CCN2,,149.058911844,3,2,0.5026999999999999,57.25,0,<rdkit.Chem.rdchem.Mol object at 0x7a142df4f3e0>,O=C1Cc2nccnc2CN1,3.803,7,1,3,0.6363636363636364,0.0909090909090909,0.2727272727272727,0.1428571428571428,0.0,11,2,1,1,2,1,1,0,0
49,QHM-0000780,CRAFT,O=C1Cc2ncccc2CN1,,148.063662876,2,1,0.2539,41.99,0,<rdkit.Chem.rdchem.Mol object at 0x7a142df4f450>,O=C1Cc2ncccc2CN1,2.712,8,1,2,0.7272727272727273,0.0909090909090909,0.1818181818181818,0.25,0.0,11,2,1,1,2,1,1,0,0
50,QHM-0000779,CRAFT,O=C1Cc2ccncc2CN1,,148.063662876,2,1,0.2538999999999999,41.99,0,<rdkit.Chem.rdchem.Mol object at 0x7a142df4f4c0>,O=C1Cc2ccncc2CN1,2.742,8,1,2,0.7272727272727273,0.0909090909090909,0.1818181818181818,0.25,0.0,11,2,1,1,2,1,1,0,0
51,QHM-0000778,CRAFT,O=c1cc2c(c[nH]1)N=CCC2,,148.063662876,2,1,1.0234,45.22,0,<rdkit.Chem.rdchem.Mol object at 0x7a142df4f530>,O=C1Cc2cccnc2CN1,3.519,8,1,2,0.7272727272727273,0.0909090909090909,0.1818181818181818,0.25,0.0,11,2,1,1,2,1,1,0,0
52,QHM-0000777,CRAFT,c1ccc(Cn2cccc2C2=NCCO2)cc1,,226.110613068,3,0,2.3132,26.52,3,<rdkit.Chem.rdchem.Mol object at 0x7a142df4f5a0>,c1ccc(Cn2cccc2C2=NCCO2)cc1,2.435,14,1,2,0.8235294117647058,0.0588235294117647,0.1176470588235294,0.2142857142857142,0.0,17,3,1,2,2,1,2,0,0
53,QHM-0000774,CRAFT,C#CCn1cccc1C1=NCCO1,,174.07931294,3,0,0.8980999999999999,26.52,2,<rdkit.Chem.rdchem.Mol object at 0x7a142df4f6f0>,C#CCn1cccc1C1=NCCO1,3.393,10,1,2,0.7692307692307693,0.0769230769230769,0.1538461538461538,0.3,0.0,13,2,1,1,2,1,1,0,0
54,QHM-0000744,CRAFT,COC(=O)C(N)Cc1ccccc1,,179.094628656,3,1,0.7293999999999993,52.32,3,<rdkit.Chem.rdchem.Mol object at 0x7a142dc644a0>,COC(=O)[C@@H](N)Cc1ccccc1,1.98,10,2,1,0.7692307692307693,0.1538461538461538,0.0769230769230769,0.3,0.1,13,1,0,1,0,0,1,0,0
55,QHM-0000700,CRAFT,O=c1cc2cccnc2n[nH]1,,147.04326178,3,1,0.3180999999999998,58.64,0,<rdkit.Chem.rdchem.Mol object at 0x7a142dc657e0>,Oc1cc2cccnc2nn1,2.539,7,1,3,0.6363636363636364,0.0909090909090909,0.2727272727272727,0.0,0.0,11,2,0,2,2,0,2,0,0
56,QHM-0000695,CRAFT,CCOC(=O)C(F)c1cccnc1,,183.06955678,3,0,1.6553,39.19,3,<rdkit.Chem.rdchem.Mol object at 0x7a142dc65a10>,CCOC(=O)C(F)c1cccnc1,2.771,9,2,1,0.6923076923076923,0.1538461538461538,0.0769230769230769,0.3333333333333333,0.1111111111111111,13,1,0,1,1,0,1,0,0
57,QHM-0000689,CRAFT,CCOC(=O)Cc1cncc(Br)c1,,242.98949066,3,0,1.9497,39.19,3,<rdkit.Chem.rdchem.Mol object at 0x7a142dc65cb0>,CCOC(=O)Cc1cncc(Br)c1,2.051,9,2,1,0.6923076923076923,0.1538461538461538,0.0769230769230769,0.3333333333333333,0.0,13,1,0,1,1,0,1,0,0
58,QHM-0000687,CRAFT,COc1ncc2[nH]ncc2c1Br,,226.969423912,3,1,1.729,50.8,1,<rdkit.Chem.rdchem.Mol object at 0x7a142dc65d90>,COc1ncc2n[nH]cc2c1Br,2.906,7,1,3,0.5833333333333334,0.0833333333333333,0.25,0.1428571428571428,0.0,12,2,0,2,2,0,2,0,0
59,QHM-0000686,CRAFT,O=c1[nH]cc2ccncc2c1Br,,223.95852488,2,1,1.6856,45.75,0,<rdkit.Chem.rdchem.Mol object at 0x7a142dc65e00>,Oc1ncc2ccncc2c1Br,2.791,8,1,2,0.6666666666666666,0.0833333333333333,0.1666666666666666,0.0,0.0,12,2,0,2,2,0,2,0,0
60,QHM-0000685,CRAFT,O=C(c1ccc[nH]1)C(Cl)(Cl)Cl,,210.935846788,1,1,2.5676000000000005,32.86,1,<rdkit.Chem.rdchem.Mol object at 0x7a142dc65e70>,O=C(c1ccc[nH]1)C(Cl)(Cl)Cl,3.018,6,1,1,0.5454545454545454,0.0909090909090909,0.0909090909090909,0.1666666666666666,0.0,11,1,0,1,1,0,1,0,0
61,QHM-0000682,CRAFT,COc1cc(C)c(N)cn1,,138.07931294,3,1,0.98082,48.14,1,<rdkit.Chem.rdchem.Mol object at 0x7a142dc65fc0>,COc1cc(C)c(N)cn1,2.253,7,1,2,0.7,0.1,0.2,0.2857142857142857,0.0,10,1,0,1,1,0,1,0,0
62,QHM-0000678,CRAFT,C#CCOC1=CC(=O)c2ccccc2C1=O,,212.047344116,3,0,1.5993,43.370000000000005,2,<rdkit.Chem.rdchem.Mol object at 0x7a142dc66180>,C#CCOC1=CC(=O)c2ccccc2C1=O,2.496,13,3,0,0.8125,0.1875,0.0,0.0769230769230769,0.0,16,2,1,1,0,0,1,0,0
63,QHM-0000675,CRAFT,CCOC(=O)c1ccc(=O)[nH]c1,,167.058243148,3,1,0.5516000000000001,59.16,2,<rdkit.Chem.rdchem.Mol object at 0x7a142dc662d0>,CCOC(=O)c1ccc(=O)[nH]c1,1.992,8,3,1,0.6666666666666666,0.25,0.0833333333333333,0.25,0.0,12,1,0,1,1,0,1,0,0
64,QHM-0000674,CRAFT,O=C(NCc1ccccc1)c1ccc(=O)oc1,,229.073893212,3,1,1.5698,59.31,3,<rdkit.Chem.rdchem.Mol object at 0x7a142dc66340>,O=C(NCc1ccccc1)c1ccc(=O)oc1,1.746,13,3,1,0.7647058823529411,0.1764705882352941,0.0588235294117647,0.0769230769230769,0.0,17,2,0,2,1,0,2,0,0
65,QHM-0000656,CRAFT,O=C(O)c1ccc(F)cc1Br,,217.937869688,1,1,2.2864000000000004,37.3,1,<rdkit.Chem.rdchem.Mol object at 0x7a142dc66b20>,O=C(O)c1ccc(F)cc1Br,1.783,7,2,0,0.6363636363636364,0.1818181818181818,0.0,0.0,0.0,11,1,0,1,0,0,1,0,0
66,QHM-0000655,CRAFT,O=C(CBr)Nc1ccc(F)cc1,,230.969504164,1,1,2.1591,29.1,2,<rdkit.Chem.rdchem.Mol object at 0x7a142dc66b90>,O=C(CBr)Nc1ccc(F)cc1,1.621,8,1,1,0.6666666666666666,0.0833333333333333,0.0833333333333333,0.125,0.0,12,1,0,1,0,0,1,0,0
67,QHM-0000654,CRAFT,O=C(CBr)Nc1ccccc1,,212.978925976,1,1,2.02,29.1,2,<rdkit.Chem.rdchem.Mol object at 0x7a142dc66c00>,O=C(CBr)Nc1ccccc1,1.512,8,1,1,0.7272727272727273,0.0909090909090909,0.0909090909090909,0.125,0.0,11,1,0,1,0,0,1,0,0
68,QHM-0000653,CRAFT,O=C(Cc1ccccc1)Nc1ccccc1,,211.099714036,1,1,2.867800000000001,29.1,3,<rdkit.Chem.rdchem.Mol object at 0x7a142dc66c70>,O=C(Cc1ccccc1)Nc1ccccc1,1.177,14,1,1,0.875,0.0625,0.0625,0.0714285714285714,0.0,16,2,0,2,0,0,2,0,0
69,QHM-0000652,CRAFT,O=c1[nH]sc2ccccc12,,151.00918478,2,1,1.5896,32.86,0,<rdkit.Chem.rdchem.Mol object at 0x7a142dc66ce0>,O=c1[nH]sc2ccccc12,2.508,7,1,1,0.7,0.1,0.1,0.0,0.0,10,2,0,2,1,0,2,0,0
70,QHM-0000651,CRAFT,NC(=O)c1ccccc1Br,,198.963275912,1,1,1.548,43.09,1,<rdkit.Chem.rdchem.Mol object at 0x7a142dc66d50>,NC(=O)c1ccccc1Br,1.624,7,1,1,0.7,0.1,0.1,0.0,0.0,10,1,0,1,0,0,1,0,0
71,QHM-0000642,CRAFT,CCOc1cc(C)c(NC(C)=O)cn1,,194.105527688,3,1,1.7471199999999998,51.22,3,<rdkit.Chem.rdchem.Mol object at 0x7a142dc67140>,CCOc1cc(C)c(NC(C)=O)cn1,2.072,10,2,2,0.7142857142857143,0.1428571428571428,0.1428571428571428,0.4,0.0,14,1,0,1,1,0,1,0,0
72,QHM-0000641,CRAFT,CCOc1cc(C)c(N)cn1,,152.094963004,3,1,1.37092,48.14,2,<rdkit.Chem.rdchem.Mol object at 0x7a142dc671b0>,CCOc1cc(C)c(N)cn1,2.254,8,1,2,0.7272727272727273,0.0909090909090909,0.1818181818181818,0.375,0.0,11,1,0,1,1,0,1,0,0
73,QHM-0000632,CRAFT,CCOc1cc2c[nH]nc2cn1,,163.074561908,3,1,1.3565999999999998,50.8,2,<rdkit.Chem.rdchem.Mol object at 0x7a142dc675a0>,CCOc1cc2cn[nH]c2cn1,2.992,8,1,3,0.6666666666666666,0.0833333333333333,0.25,0.25,0.0,12,2,0,2,2,0,2,0,0
74,QHM-0000629,CRAFT,[O-][n+]1cccc2ccccc21,,145.052763844,1,0,1.4732,26.94,0,<rdkit.Chem.rdchem.Mol object at 0x7a142dc676f0>,[O-][n+]1cccc2ccccc21,2.281,9,1,1,0.8181818181818182,0.0909090909090909,0.0909090909090909,0.0,0.0,11,2,0,2,1,0,2,0,0
75,QHM-0000628,CRAFT,[O-][n+]1cc[n+]([O-])c2ccccc21,,162.042927432,2,0,0.1065999999999998,53.88,0,<rdkit.Chem.rdchem.Mol object at 0x7a142dc67760>,[O-][n+]1cc[n+]([O-])c2ccccc21,3.41,8,2,2,0.6666666666666666,0.1666666666666666,0.1666666666666666,0.0,0.0,12,2,0,2,1,0,2,0,0
76,QHM-0000627,CRAFT,[O-][n+]1ccnc2ccccc21,,146.048012812,2,0,0.8682000000000001,39.83,0,<rdkit.Chem.rdchem.Mol object at 0x7a142dc677d0>,[O-][n+]1ccnc2ccccc21,2.667,8,1,2,0.7272727272727273,0.0909090909090909,0.1818181818181818,0.0,0.0,11,2,0,2,1,0,2,0,0
77,QHM-0000584,CRAFT,c1ccc2[nH]ncc2c1,,118.053098192,1,1,1.5629,28.68,0,<rdkit.Chem.rdchem.Mol object at 0x7a142d6ccb30>,c1ccc2[nH]ncc2c1,1.833,7,0,2,0.7777777777777778,0.0,0.2222222222222222,0.0,0.0,9,2,0,2,1,0,2,0,0
78,QHM-0000578,CRAFT,Clc1ccc(N2CCNCC2)cc1,,196.076726096,2,1,1.7495999999999998,15.27,1,<rdkit.Chem.rdchem.Mol object at 0x7a142d6cceb0>,Cl.Cl.Clc1ccc(N2CCNCC2)cc1,1.719,10,0,2,0.7692307692307693,0.0,0.1538461538461538,0.4,0.0,13,2,1,1,1,1,1,0,0
79,QHM-0000577,CRAFT,c1ccc(N2CCNCC2)cc1,,162.115698448,2,1,1.0961999999999998,15.27,1,<rdkit.Chem.rdchem.Mol object at 0x7a142d6ccf20>,c1ccc(N2CCNCC2)cc1,1.618,10,0,2,0.8333333333333334,0.0,0.1666666666666666,0.4,0.0,12,2,1,1,1,1,1,0,0
80,QHM-0000570,CRAFT,CC(=O)Nc1ccccc1C=O,,163.063328528,2,1,1.4574999999999998,46.17,2,<rdkit.Chem.rdchem.Mol object at 0x7a142d6cd230>,CC(=O)Nc1ccccc1C=O,1.839,9,2,1,0.75,0.1666666666666666,0.0833333333333333,0.1111111111111111,0.0,12,1,0,1,0,0,1,0,0
81,QHM-0000564,CRAFT,F[B-]1(F)n2cccc2C(c2ccccn2)=C2C=CC=[N+]21,,269.09358416,2,0,2.5319000000000003,20.83,1,<rdkit.Chem.rdchem.Mol object at 0x7a142d6cd460>,F[B-]1(F)n2cccc2C(c2ccccn2)=C2C=CC=[N+]21,3.903,14,0,3,0.7,0.0,0.15,0.0,0.0,20,4,2,2,4,2,2,0,0
82,QHM-0000558,CRAFT,O=Cc1ccc(S)cc1,,138.013935812,2,1,1.7877999999999996,17.07,1,<rdkit.Chem.rdchem.Mol object at 0x7a142d6cd700>,O=Cc1ccc(S)cc1,2.384,7,1,0,0.7777777777777778,0.1111111111111111,0.0,0.0,0.0,9,1,0,1,0,0,1,0,0
83,QHM-0000547,CRAFT,NN=C(c1ccccc1)c1ccccc1,,196.100048384,2,1,2.3977000000000004,38.38,2,<rdkit.Chem.rdchem.Mol object at 0x7a142d6cdc40>,NN=C(c1ccccc1)c1ccccc1,1.783,13,0,2,0.8666666666666667,0.0,0.1333333333333333,0.0,0.0,15,2,0,2,0,0,2,0,0
84,QHM-0000541,CRAFT,CC(C)(C)OC(=O)Nc1cccc(O)c1,,209.10519334,3,2,2.7392000000000003,58.56,1,<rdkit.Chem.rdchem.Mol object at 0x7a142d6cdee0>,CC(C)(C)OC(=O)Nc1cccc(O)c1,1.75,11,3,1,0.7333333333333333,0.2,0.0666666666666666,0.3636363636363636,0.0,15,1,0,1,0,0,1,0,0
85,QHM-0000516,CRAFT,N=c1cc2[nH]c(-c3ccccc3)cn2cn1,,210.09054632,3,2,1.80887,56.94,1,<rdkit.Chem.rdchem.Mol object at 0x7a142d6ce8f0>,Nc1cc2nc(-c3ccccc3)cn2cn1,3.137,12,0,4,0.75,0.0,0.25,0.0,0.0,16,3,0,3,2,0,3,0,0
86,QHM-0000513,CRAFT,N=c1cc2[nH]c(-c3ccc(F)c(F)c3)cn2cn1,,246.071702696,3,2,2.08707,56.94,1,<rdkit.Chem.rdchem.Mol object at 0x7a142d6cea40>,Nc1cc2nc(-c3ccc(F)c(F)c3)cn2cn1,3.291,12,0,4,0.6666666666666666,0.0,0.2222222222222222,0.0,0.0,18,3,0,3,2,0,3,0,0
87,QHM-0000507,CRAFT,CC(C)=CCOC1=CC(=O)c2ccccc2C1=O,,242.094294308,3,0,2.932300000000001,43.370000000000005,3,<rdkit.Chem.rdchem.Mol object at 0x7a142d6cece0>,CC(C)=CCOC1=CC(=O)c2ccccc2C1=O,2.425,15,3,0,0.8333333333333334,0.1666666666666666,0.0,0.2,0.0,18,2,1,1,0,0,1,0,0
88,QHM-0000506,CRAFT,COC1=CC(=O)c2ccccc2C1=O,,188.047344116,3,0,1.5959,43.370000000000005,1,<rdkit.Chem.rdchem.Mol object at 0x7a142d6ced50>,COC1=CC(=O)c2ccccc2C1=O,2.012,11,3,0,0.7857142857142857,0.2142857142857142,0.0,0.0909090909090909,0.0,14,2,1,1,0,0,1,0,0
89,QHM-0000504,CRAFT,N#Cc1ccccc1-c1ccco1,,169.052763844,2,0,2.818280000000001,36.93,1,<rdkit.Chem.rdchem.Mol object at 0x7a142d6cee30>,N#Cc1ccccc1-c1ccco1,1.946,11,1,1,0.8461538461538461,0.0769230769230769,0.0769230769230769,0.0,0.0,13,2,0,2,1,0,2,0,0
90,QHM-0000502,CRAFT,COc1ccccc1-c1ccco1,,174.06807956,2,0,2.9552000000000014,22.37,2,<rdkit.Chem.rdchem.Mol object at 0x7a142d6cef10>,COc1ccccc1-c1ccco1,1.613,11,2,0,0.8461538461538461,0.1538461538461538,0.0,0.0909090909090909,0.0,13,2,0,2,1,0,2,0,0
91,QHM-0000501,CRAFT,COC(=O)c1ccc(-c2ccco2)cc1,,202.06299418,3,0,2.733200000000001,39.44,2,<rdkit.Chem.rdchem.Mol object at 0x7a142d6cef80>,COC(=O)c1ccc(-c2ccco2)cc1,1.631,12,3,0,0.8,0.2,0.0,0.0833333333333333,0.0,15,2,0,2,1,0,2,0,0
92,QHM-0000499,CRAFT,N#Cc1ccc(-c2ccco2)cc1,,169.052763844,2,0,2.818280000000001,36.93,1,<rdkit.Chem.rdchem.Mol object at 0x7a142d6cf060>,N#Cc1ccc(-c2ccco2)cc1,1.837,11,1,1,0.8461538461538461,0.0769230769230769,0.0769230769230769,0.0,0.0,13,2,0,2,1,0,2,0,0
93,QHM-0000489,CRAFT,Clc1cccc(N2CCNCC2)c1Cl,,230.037753744,2,1,2.4030000000000005,15.27,1,<rdkit.Chem.rdchem.Mol object at 0x7a142d6cf4c0>,Cl.Clc1cccc(N2CCNCC2)c1Cl,1.999,10,0,2,0.7142857142857143,0.0,0.1428571428571428,0.4,0.0,14,2,1,1,1,1,1,0,0
94,QHM-0000470,CRAFT,COc1ncc2[nH]ncc2c1-c1ccccc1,,225.090211972,3,1,2.6335000000000006,50.8,2,<rdkit.Chem.rdchem.Mol object at 0x7a142d6cfd10>,COc1ncc2[nH]ncc2c1-c1ccccc1,2.318,13,1,3,0.7647058823529411,0.0588235294117647,0.1764705882352941,0.0769230769230769,0.0,17,3,0,3,2,0,3,0,0
95,QHM-0000468,CRAFT,Fc1ccc(-c2cn3cccnc3n2)cc1F,,231.060803664,3,0,2.6745,30.19,1,<rdkit.Chem.rdchem.Mol object at 0x7a142d6cfdf0>,Fc1ccc(-c2cn3cccnc3n2)cc1F,2.251,12,0,3,0.7058823529411765,0.0,0.1764705882352941,0.0,0.0,17,3,0,3,2,0,3,0,0
96,QHM-0000467,CRAFT,c1ccc(COc2cc3c[nH]nc3cn2)cc1,,225.090211972,3,1,2.5369,50.8,3,<rdkit.Chem.rdchem.Mol object at 0x7a142d6cfe60>,c1ccc(COc2cc3cn[nH]c3cn2)cc1,2.471,13,1,3,0.7647058823529411,0.0588235294117647,0.1764705882352941,0.0769230769230769,0.0,17,3,0,3,2,0,3,0,0
97,QHM-0000458,CRAFT,COc1ccc(-c2c(=O)[nH]cc3ccncc23)cc1,,252.089877624,3,1,2.598700000000001,54.98,2,<rdkit.Chem.rdchem.Mol object at 0x7a142d2142e0>,COc1ccc(-c2c(O)ncc3ccncc23)cc1,2.316,15,2,2,0.7894736842105263,0.1052631578947368,0.1052631578947368,0.0666666666666666,0.0,19,3,0,3,2,0,3,0,0
98,QHM-0000457,CRAFT,O=c1[nH]cc2ccncc2c1-c1ccccc1,,222.07931294,2,1,2.5901000000000005,45.75,1,<rdkit.Chem.rdchem.Mol object at 0x7a142d214350>,Oc1ncc2ccncc2c1-c1ccccc1,2.308,14,1,2,0.8235294117647058,0.0588235294117647,0.1176470588235294,0.0,0.0,17,3,0,3,2,0,3,0,0
99,QHM-0000455,CRAFT,CC(C)=CCOc1cc2cnccc2cn1,,214.110613068,3,0,2.974800000000001,35.010000000000005,3,<rdkit.Chem.rdchem.Mol object at 0x7a142d214430>,CC(C)=CCOc1cc2cnccc2cn1,2.576,13,1,2,0.8125,0.0625,0.125,0.2307692307692307,0.0,16,2,0,2,2,0,2,0,0
100,QHM-0000452,CRAFT,O=C(O)Cc1ccc(Cl)nc1,,171.008706112,2,1,1.3621,50.19,2,<rdkit.Chem.rdchem.Mol object at 0x7a142d214580>,O=C(O)Cc1ccc(Cl)nc1,1.936,7,2,1,0.6363636363636364,0.1818181818181818,0.0909090909090909,0.1428571428571428,0.0,11,1,0,1,1,0,1,0,0
101,QHM-0000451,CRAFT,CCOC(=O)Cc1cccnc1,,165.078978592,3,0,1.1872,39.19,3,<rdkit.Chem.rdchem.Mol object at 0x7a142d2145f0>,CCOC(=O)Cc1cccnc1,1.714,9,2,1,0.75,0.1666666666666666,0.0833333333333333,0.3333333333333333,0.0,12,1,0,1,1,0,1,0,0
102,QHM-0000450,CRAFT,Ic1cccnc1,,204.938847128,1,0,1.6861999999999997,12.89,0,<rdkit.Chem.rdchem.Mol object at 0x7a142d214660>,Ic1cccnc1,2.213,5,0,1,0.7142857142857143,0.0,0.1428571428571428,0.0,0.0,7,1,0,1,1,0,1,0,0
103,QHM-0000441,CRAFT,F[B-]1(F)n2cccc2C(=Nc2ccccc2)C2C=CC=[N+]21,,283.10923422400003,2,0,2.866900000000001,20.3,1,<rdkit.Chem.rdchem.Mol object at 0x7a142d214a50>,F[B-]1(F)n2cccc2C(Nc2ccccc2)=C2C=CC=[N+]21,4.464,15,0,3,0.7142857142857143,0.0,0.1428571428571428,0.0666666666666666,0.0666666666666666,21,4,2,2,3,2,2,0,0
104,QHM-0000435,CRAFT,N=C1c2cccn2[B-](F)(F)[N+]2=CC=CC12,,207.077934096,2,1,1.11397,31.79,0,<rdkit.Chem.rdchem.Mol object at 0x7a142d214cf0>,NC1=C2C=CC=[N+]2[B-](F)(F)n2cccc21,5.304,9,0,3,0.6,0.0,0.2,0.1111111111111111,0.1111111111111111,15,3,2,1,3,2,1,0,0
105,QHM-0000434,CRAFT,CSC1=C2C=CC=[N+]2[B-](F)(F)n2cccc21,,238.054756128,2,0,2.4091000000000005,7.939999999999999,1,<rdkit.Chem.rdchem.Mol object at 0x7a142d214d60>,CSC1=C2C=CC=[N+]2[B-](F)(F)n2cccc21,4.552,10,0,2,0.625,0.0,0.125,0.1,0.0,16,3,2,1,3,2,1,0,0
106,QHM-0000427,CRAFT,CC1=CC(C)=[N+]2C1C(=N)c1c(C)cc(C)n1[B-]2(F)F,,263.140534352,2,1,2.5110100000000006,31.79,0,<rdkit.Chem.rdchem.Mol object at 0x7a142d215070>,CC1=CC(C)=[N+]2C1=C(N)c1c(C)cc(C)n1[B-]2(F)F,4.837,13,0,3,0.6842105263157895,0.0,0.1578947368421052,0.3846153846153846,0.0769230769230769,19,3,2,1,3,2,1,0,0
107,QHM-0000417,CRAFT,N=c1cc2[nH]c(-c3cccc(C(F)(F)F)c3)cn2cn1,,278.077930948,3,2,2.8276700000000003,56.94,1,<rdkit.Chem.rdchem.Mol object at 0x7a142d2154d0>,Nc1cc2nc(-c3cccc(C(F)(F)F)c3)cn2cn1,3.219,13,0,4,0.65,0.0,0.2,0.0769230769230769,0.0,20,3,0,3,2,0,3,0,0
108,QHM-0000412,CRAFT,Cc1ccn2cc(-c3ccccn3)nc2c1,,209.095297352,3,0,2.70472,30.19,1,<rdkit.Chem.rdchem.Mol object at 0x7a142d215700>,Cc1ccn2cc(-c3ccccn3)nc2c1,2.232,13,0,3,0.8125,0.0,0.1875,0.0769230769230769,0.0,16,3,0,3,3,0,3,0,0
109,QHM-0000405,CRAFT,NC(CO)Cc1ccccc1,,151.099714036,2,2,0.5486999999999999,46.25,3,<rdkit.Chem.rdchem.Mol object at 0x7a142d215a10>,NC(CO)Cc1ccccc1,2.119,9,1,1,0.8181818181818182,0.0909090909090909,0.0909090909090909,0.3333333333333333,0.1111111111111111,11,1,0,1,0,0,1,0,0
110,QHM-0000398,CRAFT,COC(=O)C(N)C(C)C,,131.094628656,3,1,0.1426999999999998,52.32,2,<rdkit.Chem.rdchem.Mol object at 0x7a142d215d20>,COC(=O)[C@@H](N)C(C)C,2.523,6,2,1,0.6666666666666666,0.2222222222222222,0.1111111111111111,0.8333333333333334,0.1666666666666666,9,0,0,0,0,0,0,0,0
111,QHM-0000390,CRAFT,Clc1ccc(N=c2nc(Cl)[nH]c(Cl)n2)cc1,,273.9579792,3,1,2.997300000000001,53.93,1,<rdkit.Chem.rdchem.Mol object at 0x7a142d2160a0>,Clc1ccc(Nc2nc(Cl)nc(Cl)n2)cc1,3.085,9,0,4,0.5625,0.0,0.25,0.0,0.0,16,2,0,2,1,0,2,0,0
112,QHM-0000387,CRAFT,NNCc1ccccc1,,122.08439832,2,2,0.6498999999999996,38.05,2,<rdkit.Chem.rdchem.Mol object at 0x7a142d2161f0>,NNCc1ccccc1,1.669,7,0,2,0.7777777777777778,0.0,0.2222222222222222,0.1428571428571428,0.0,9,1,0,1,0,0,1,0,0
113,QHM-0000384,CRAFT,N/N=C/c1ccccc1,,120.068748256,2,1,0.9792000000000002,38.38,1,<rdkit.Chem.rdchem.Mol object at 0x7a142d216340>,N/N=C/c1ccccc1,1.904,7,0,2,0.7777777777777778,0.0,0.2222222222222222,0.0,0.0,9,1,0,1,0,0,1,0,0
114,QHM-0000383,CRAFT,CCOC(=O)C1CC1c1ccccc1,,190.099379688,2,0,2.3532,26.3,3,<rdkit.Chem.rdchem.Mol object at 0x7a142d2163b0>,CCOC(=O)C1CC1c1ccccc1,2.46,12,2,0,0.8571428571428571,0.1428571428571428,0.0,0.4166666666666667,0.1666666666666666,14,2,1,1,0,0,1,0,0
115,QHM-0000382,CRAFT,O=[N+]([O-])C1CC1c1ccccc1,,163.063328528,2,0,1.8192,43.14,2,<rdkit.Chem.rdchem.Mol object at 0x7a142d216420>,O=[N+]([O-])C1CC1c1ccccc1,3.1,9,2,1,0.75,0.1666666666666666,0.0833333333333333,0.3333333333333333,0.2222222222222222,12,2,1,1,0,0,1,0,0
116,QHM-0000377,CRAFT,Nc1cccc(C(=O)OCc2ccccc2)c1,,227.094628656,3,1,2.625800000000001,52.32000000000001,3,<rdkit.Chem.rdchem.Mol object at 0x7a142d216650>,Nc1cccc(C(=O)OCc2ccccc2)c1,1.502,14,2,1,0.8235294117647058,0.1176470588235294,0.0588235294117647,0.0714285714285714,0.0,17,2,0,2,0,0,2,0,0
117,QHM-0000376,CRAFT,Nc1cccc(C(=O)NCc2ccccc2)c1,,226.110613068,2,2,2.1988000000000003,55.120000000000005,3,<rdkit.Chem.rdchem.Mol object at 0x7a142d2166c0>,Nc1cccc(C(=O)NCc2ccccc2)c1,1.434,14,1,2,0.8235294117647058,0.0588235294117647,0.1176470588235294,0.0714285714285714,0.0,17,2,0,2,0,0,2,0,0
118,QHM-0000370,CRAFT,CC(=O)Nc1ccc(C#Cc2cccc(N)c2)cc1,,250.110613068,2,2,2.6270000000000007,55.120000000000005,1,<rdkit.Chem.rdchem.Mol object at 0x7a142d216960>,CC(=O)Nc1ccc(C#Cc2cccc(N)c2)cc1,1.997,16,1,2,0.8421052631578947,0.0526315789473684,0.1052631578947368,0.0625,0.0,19,2,0,2,0,0,2,0,0
119,QHM-0000368,CRAFT,Nc1cccc(-c2nc3ccccc3[nH]2)c1,,209.095297352,2,2,2.812100000000001,54.7,1,<rdkit.Chem.rdchem.Mol object at 0x7a142d216a40>,Nc1cccc(-c2nc3ccccc3[nH]2)c1,1.834,13,0,3,0.8125,0.0,0.1875,0.0,0.0,16,3,0,3,1,0,3,0,0
120,QHM-0000366,CRAFT,Nc1cccc(-c2ncc[nH]2)c1,,159.079647288,2,2,1.6588999999999998,54.7,1,<rdkit.Chem.rdchem.Mol object at 0x7a142d216b20>,Nc1cccc(-c2ncc[nH]2)c1,2.234,9,0,3,0.75,0.0,0.25,0.0,0.0,12,2,0,2,1,0,2,0,0
121,QHM-0000361,CRAFT,O=C(O)c1ccc(=O)n(Cc2ccccc2)c1,,229.073893212,3,1,1.5948,59.3,3,<rdkit.Chem.rdchem.Mol object at 0x7a142d216d50>,O=C(O)c1ccc(=O)n(Cc2ccccc2)c1,1.693,13,3,1,0.7647058823529411,0.1764705882352941,0.0588235294117647,0.0769230769230769,0.0,17,2,0,2,1,0,2,0,0
122,QHM-0000343,CRAFT,O=[N+]([O-])c1ccccc1CBr,,214.958190532,2,0,2.489700000000001,43.14,2,<rdkit.Chem.rdchem.Mol object at 0x7a142d217530>,O=[N+]([O-])c1ccccc1CBr,1.994,7,2,1,0.6363636363636364,0.1818181818181818,0.0909090909090909,0.1428571428571428,0.0,11,1,0,1,0,0,1,0,0
123,QHM-0000342,CRAFT,CC(C)(C)OC(=O)NCCCl,,179.071306368,2,1,1.7498999999999998,38.33,2,<rdkit.Chem.rdchem.Mol object at 0x7a142d2175a0>,CC(C)(C)OC(=O)NCCCl,2.092,7,2,1,0.6363636363636364,0.1818181818181818,0.0909090909090909,0.8571428571428571,0.0,11,0,0,0,0,0,0,0,0
124,QHM-0000339,CRAFT,CC(=O)Nc1ccccc1,,135.068413908,1,1,1.6449999999999998,29.1,1,<rdkit.Chem.rdchem.Mol object at 0x7a142d2176f0>,CC(=O)Nc1ccccc1,1.113,8,1,1,0.8,0.1,0.1,0.125,0.0,10,1,0,1,0,0,1,0,0
125,QHM-0000338,CRAFT,CC(Br)C(=O)Nc1ccccc1,,226.99457604,1,1,2.4085,29.1,2,<rdkit.Chem.rdchem.Mol object at 0x7a142d217760>,CC(Br)C(=O)Nc1ccccc1,2.051,9,1,1,0.75,0.0833333333333333,0.0833333333333333,0.2222222222222222,0.1111111111111111,12,1,0,1,0,0,1,0,0
126,QHM-0000318,CRAFT,CS(=O)(=O)Nc1cccc(-c2ccccc2)c1,,247.066699656,2,1,2.725100000000001,46.17,3,<rdkit.Chem.rdchem.Mol object at 0x7a142cecc0b0>,CS(=O)(=O)Nc1cccc(-c2ccccc2)c1,1.522,13,2,1,0.7647058823529411,0.1176470588235294,0.0588235294117647,0.0769230769230769,0.0,17,2,0,2,0,0,2,0,0
127,QHM-0000315,CRAFT,OCCCCCl,,108.034192588,1,1,0.9977,20.23,3,<rdkit.Chem.rdchem.Mol object at 0x7a142cecc200>,OCCCCCl,2.206,4,1,0,0.6666666666666666,0.1666666666666666,0.0,1.0,0.0,6,0,0,0,0,0,0,0,0
128,QHM-0000309,CRAFT,O=C1Cc2nnccc2CN1,,149.058911844,3,1,-0.3510999999999999,54.88,0,<rdkit.Chem.rdchem.Mol object at 0x7a142cecc4a0>,O=C1Cc2nnccc2CN1,3.271,7,1,3,0.6363636363636364,0.0909090909090909,0.2727272727272727,0.2857142857142857,0.0,11,2,1,1,2,1,1,0,0
129,QHM-0000306,CRAFT,N#Cc1ccnnc1Cl,,138.993724744,3,0,1.00168,49.57,0,<rdkit.Chem.rdchem.Mol object at 0x7a142cecc5f0>,N#Cc1ccnnc1Cl,2.959,5,0,3,0.5555555555555556,0.0,0.3333333333333333,0.0,0.0,9,1,0,1,1,0,1,0,0
130,QHM-0000305,CRAFT,CCOC(=O)Cc1cccnc1Cl,,199.04000624,3,0,1.8406,39.19,3,<rdkit.Chem.rdchem.Mol object at 0x7a142cecc660>,CCOC(=O)Cc1cccnc1Cl,1.996,9,2,1,0.6923076923076923,0.1538461538461538,0.0769230769230769,0.3333333333333333,0.0,13,1,0,1,1,0,1,0,0
131,QHM-0000304,CRAFT,CCOC(=O)Cc1cc(Br)c[n+]([O-])c1,,258.98440528000003,3,0,1.1881000000000002,53.24,3,<rdkit.Chem.rdchem.Mol object at 0x7a142cecc6d0>,CCOC(=O)Cc1cc(Br)c[n+]([O-])c1,2.818,9,3,1,0.6428571428571429,0.2142857142857142,0.0714285714285714,0.3333333333333333,0.0,14,1,0,1,1,0,1,0,0
132,QHM-0000289,CRAFT,Oc1c2c(c(O)c3ccccc13)O2,,174.031694052,3,2,2.356700000000001,52.99,0,<rdkit.Chem.rdchem.Mol object at 0x7a142ceccd60>,O=C1c2ccccc2C(=O)C2OC12,2.61,10,3,0,0.7692307692307693,0.2307692307692307,0.0,0.0,0.0,13,3,1,2,1,1,2,0,0
133,QHM-0000272,CRAFT,Cc1cc(C)n2c1C=C1C=CC(N=O)=[N+]1[B-]2(F)F,,249.08849878,3,0,2.4293400000000007,37.37,0,<rdkit.Chem.rdchem.Mol object at 0x7a142cecd4d0>,Cc1cc(C)n2c1C=C1C=CC(N=O)=[N+]1[B-]2(F)F,4.481,11,1,3,0.6111111111111112,0.0555555555555555,0.1666666666666666,0.1818181818181818,0.0,18,3,2,1,3,2,1,0,0
134,QHM-0000271,CRAFT,C=C1C2=C(C)C(=NO)C(C)=[N+]2[B-](F)(F)n2c(C)cc(C)c21,,291.13544897199995,3,1,2.945640000000002,40.53,0,<rdkit.Chem.rdchem.Mol object at 0x7a142cecd540>,CC1=C(N=O)C(C)=[N+]2C1=C(C)c1c(C)cc(C)n1[B-]2(F)F,4.226,14,1,3,0.6666666666666666,0.0476190476190476,0.1428571428571428,0.2857142857142857,0.0,21,3,2,1,3,2,1,0,0
135,QHM-0000266,CRAFT,Nc1ccc(C2=C3C=CC=[N+]3[B-](F)(F)n3cccc32)cc1,,283.109234224,2,1,2.719100000000001,33.96,1,<rdkit.Chem.rdchem.Mol object at 0x7a142cecd770>,Nc1ccc(C2=C3C=CC=[N+]3[B-](F)(F)n3cccc32)cc1,3.76,15,0,3,0.7142857142857143,0.0,0.1428571428571428,0.0,0.0,21,4,2,2,3,2,2,0,0
136,QHM-0000245,CRAFT,CN=C1C(=O)c2ccccc2C(=O)C1Cl,,221.024356176,3,0,1.7438,46.5,0,<rdkit.Chem.rdchem.Mol object at 0x7a142cece0a0>,CNC1=C(Cl)C(=O)c2ccccc2C1=O,3.222,11,2,1,0.7333333333333333,0.1333333333333333,0.0666666666666666,0.1818181818181818,0.0909090909090909,15,2,1,1,0,0,1,0,0
137,QHM-0000186,CRAFT,Nc1ccc(N2CCNCC2)cc1,,177.12659748,3,2,0.6783999999999997,41.29,1,<rdkit.Chem.rdchem.Mol object at 0x7a142cecfa70>,Nc1ccc(N2CCNCC2)cc1,1.89,10,0,3,0.7692307692307693,0.0,0.2307692307692307,0.4,0.0,13,2,1,1,1,1,1,0,0
138,QHM-0000184,CRAFT,N#CCCC1OCCO1,,127.063328528,3,0,0.66308,42.25,2,<rdkit.Chem.rdchem.Mol object at 0x7a142cecfb50>,N#CCCC1OCCO1,3.044,6,2,1,0.6666666666666666,0.2222222222222222,0.1111111111111111,0.8333333333333334,0.0,9,1,1,0,1,1,0,0,0
139,QHM-0000183,CRAFT,COc1cc(C)c(NC(C)=O)cn1,,180.089877624,3,1,1.35702,51.22,2,<rdkit.Chem.rdchem.Mol object at 0x7a142cecfbc0>,COc1cc(C)c(NC(C)=O)cn1,2.043,9,2,2,0.6923076923076923,0.1538461538461538,0.1538461538461538,0.3333333333333333,0.0,13,1,0,1,1,0,1,0,0
140,QHM-0000180,CRAFT,COc1cc2c[nH]nc2cn1,,149.058911844,3,1,0.9665,50.8,1,<rdkit.Chem.rdchem.Mol object at 0x7a142cecfd10>,COc1cc2cn[nH]c2cn1,3.053,7,1,3,0.6363636363636364,0.0909090909090909,0.2727272727272727,0.1428571428571428,0.0,11,2,0,2,2,0,2,0,0
141,QHM-0000179,CRAFT,COC(=O)CC(=O)C(C)Br,,207.973506248,3,0,0.9019999999999998,43.370000000000005,3,<rdkit.Chem.rdchem.Mol object at 0x7a142cecfd80>,COC(=O)CC(=O)C(C)Br,3.169,6,3,0,0.6,0.3,0.0,0.6666666666666666,0.1666666666666666,10,0,0,0,0,0,0,0,0
142,QHM-0000176,CRAFT,Cc1cc(OCc2ccccc2)ncc1N,,214.110613068,3,1,2.55122,48.14,3,<rdkit.Chem.rdchem.Mol object at 0x7a142cecfed0>,Cc1cc(OCc2ccccc2)ncc1N,1.908,13,1,2,0.8125,0.0625,0.125,0.1538461538461538,0.0,16,2,0,2,1,0,2,0,0
143,QHM-0000169,CRAFT,Cc1cc(Cl)ncc1N,,142.029775904,2,1,1.6256199999999998,38.91,0,<rdkit.Chem.rdchem.Mol object at 0x7a142cb94270>,Cc1cc(Cl)ncc1N,2.361,6,0,2,0.6666666666666666,0.0,0.2222222222222222,0.1666666666666666,0.0,9,1,0,1,1,0,1,0,0
144,QHM-0000168,CRAFT,Cc1cc(=O)[nH]cc1N,,124.063662876,2,2,0.26552,58.88,0,<rdkit.Chem.rdchem.Mol object at 0x7a142cb942e0>,Cc1cc(=O)[nH]cc1N,2.637,6,1,2,0.6666666666666666,0.1111111111111111,0.2222222222222222,0.1666666666666666,0.0,9,1,0,1,1,0,1,0,0
145,QHM-0000166,CRAFT,Clc1cc2c[nH]nc2cn1,,153.009374808,2,1,1.6112999999999995,41.57,0,<rdkit.Chem.rdchem.Mol object at 0x7a142cb943c0>,Clc1cc2cn[nH]c2cn1,3.201,6,0,3,0.6,0.0,0.3,0.0,0.0,10,2,0,2,2,0,2,0,0
146,QHM-0000161,CRAFT,O=c1cc2cnccc2c[nH]1,,146.048012812,2,1,0.9230999999999998,45.75,0,<rdkit.Chem.rdchem.Mol object at 0x7a142cb945f0>,Oc1cc2cnccc2cn1,2.58,8,1,2,0.7272727272727273,0.0909090909090909,0.1818181818181818,0.0,0.0,11,2,0,2,2,0,2,0,0
147,QHM-0000158,CRAFT,CCOC(=O)Cc1ccc[n+]([O-])c1,,181.073893212,3,0,0.4256000000000001,53.24,3,<rdkit.Chem.rdchem.Mol object at 0x7a142cb94740>,CCOC(=O)Cc1ccc[n+]([O-])c1,2.499,9,3,1,0.6923076923076923,0.2307692307692307,0.0769230769230769,0.3333333333333333,0.0,13,1,0,1,1,0,1,0,0
148,QHM-0000157,CRAFT,CCOC(=O)C(C)c1cccnc1,,179.094628656,3,0,1.7482,39.19,3,<rdkit.Chem.rdchem.Mol object at 0x7a142cb947b0>,CCOC(=O)C(C)c1cccnc1,2.469,10,2,1,0.7692307692307693,0.1538461538461538,0.0769230769230769,0.4,0.1,13,1,0,1,1,0,1,0,0
149,QHM-0000156,CRAFT,CCOC(=O)Cc1ccc(Cl)[n+]([O-])c1,,215.03492086,3,0,1.0790000000000002,53.24,3,<rdkit.Chem.rdchem.Mol object at 0x7a142cb94820>,CCOC(=O)Cc1ccc(Cl)[n+]([O-])c1,2.844,9,3,1,0.6428571428571429,0.2142857142857142,0.0714285714285714,0.3333333333333333,0.0,14,1,0,1,1,0,1,0,0
150,QHM-0000153,CRAFT,O=C1Cc2cnc(Cl)cc2CN1,,182.024690524,2,1,0.9073,41.99,0,<rdkit.Chem.rdchem.Mol object at 0x7a142cb94970>,O=C1Cc2cnc(Cl)cc2CN1,2.842,8,1,2,0.6666666666666666,0.0833333333333333,0.1666666666666666,0.25,0.0,12,2,1,1,2,1,1,0,0
151,QHM-0000152,CRAFT,CCOC(=O)Cc1ccc(Cl)nc1,,199.04000624,3,0,1.8406,39.19,3,<rdkit.Chem.rdchem.Mol object at 0x7a142cb949e0>,CCOC(=O)Cc1ccc(Cl)nc1,1.918,9,2,1,0.6923076923076923,0.1538461538461538,0.0769230769230769,0.3333333333333333,0.0,13,1,0,1,1,0,1,0,0
152,QHM-0000148,CRAFT,O=C1Cc2cnccc2CN1,,148.063662876,2,1,0.2539,41.99,0,<rdkit.Chem.rdchem.Mol object at 0x7a142cb94ba0>,O=C1Cc2cnccc2CN1,2.714,8,1,2,0.7272727272727273,0.0909090909090909,0.1818181818181818,0.25,0.0,11,2,1,1,2,1,1,0,0
153,QHM-0000143,CRAFT,C=C1OC2=C(C(=O)c3ccccc3C2=O)C1(C)C,,240.078644244,3,0,2.889800000000001,43.370000000000005,0,<rdkit.Chem.rdchem.Mol object at 0x7a142cb94dd0>,C=C1OC2=C(C(=O)c3ccccc3C2=O)C1(C)C,2.937,15,3,0,0.8333333333333334,0.1666666666666666,0.0,0.2,0.0,18,3,2,1,1,1,1,0,0
154,QHM-0000086,CRAFT,CC1=C2C=CC(c3ccc[nH]3)=[N+]2[B-](F)(F)n2cccc21,,271.109234224,1,1,2.855100000000001,23.73,1,<rdkit.Chem.rdchem.Mol object at 0x7a142cb966c0>,CC1=C2C=CC(c3ccc[nH]3)=[N+]2[B-](F)(F)n2cccc21,4.274,14,0,3,0.7,0.0,0.15,0.0714285714285714,0.0,20,4,2,2,4,2,2,0,0
155,QHM-0000085,CRAFT,CC(=O)c1cc(I)c[nH]1,,234.949411812,1,1,1.8219,32.86,1,<rdkit.Chem.rdchem.Mol object at 0x7a142cb96730>,CC(=O)c1cc(I)c[nH]1,3.127,6,1,1,0.6666666666666666,0.1111111111111111,0.1111111111111111,0.1666666666666666,0.0,9,1,0,1,1,0,1,0,0
156,QHM-0000084,CRAFT,CC(=O)c1ccc[nH]1,,109.052763844,1,1,1.2173,32.86,1,<rdkit.Chem.rdchem.Mol object at 0x7a142cb967a0>,CC(=O)c1ccc[nH]1,2.545,6,1,1,0.75,0.125,0.125,0.1666666666666666,0.0,8,1,0,1,1,0,1,0,0
157,QHM-0000081,CRAFT,CC1=C2C=CC=[N+]2[B-](F)(F)n2cccc21,,206.082685128,1,0,2.1085000000000003,7.939999999999999,0,<rdkit.Chem.rdchem.Mol object at 0x7a142cb968f0>,CC1=C2C=CC=[N+]2[B-](F)(F)n2cccc21,4.476,10,0,2,0.6666666666666666,0.0,0.1333333333333333,0.1,0.0,15,3,2,1,3,2,1,0,0
158,QHM-0000070,CRAFT,Cc1c(SC#N)c(C)n2c1C=C1C=CC=[N+]1[B-]2(F)F,,277.06565515999995,3,0,2.9084200000000013,31.73,1,<rdkit.Chem.rdchem.Mol object at 0x7a142cb96dc0>,Cc1c(SC#N)c(C)n2c1C=C1C=CC=[N+]1[B-]2(F)F,4.785,12,0,3,0.631578947368421,0.0,0.1578947368421052,0.1666666666666666,0.0,19,3,2,1,3,2,1,0,0
159,QHM-0000059,CRAFT,Brc1cc(C2=NCCO2)[nH]c1Br,,291.88468701200003,2,1,2.3165,37.38,1,<rdkit.Chem.rdchem.Mol object at 0x7a142cb97290>,Brc1cc(C2=NCCO2)[nH]c1Br,3.668,7,1,2,0.5833333333333334,0.0833333333333333,0.1666666666666666,0.2857142857142857,0.0,12,2,1,1,2,1,1,0,0
160,QHM-0000058,CRAFT,Brc1c[nH]c(C2=NCCO2)c1,,213.974174944,2,1,1.5539999999999998,37.38,1,<rdkit.Chem.rdchem.Mol object at 0x7a142cb97300>,Brc1c[nH]c(C2=NCCO2)c1,3.496,7,1,2,0.6363636363636364,0.0909090909090909,0.1818181818181818,0.2857142857142857,0.0,11,2,1,1,2,1,1,0,0
161,QHM-0000054,CRAFT,COC(=O)c1ccc(=O)[nH]c1,,153.042593084,3,1,0.1614999999999999,59.16,1,<rdkit.Chem.rdchem.Mol object at 0x7a142cb974c0>,COC(=O)c1ccc(=O)[nH]c1,2.033,7,3,1,0.6363636363636364,0.2727272727272727,0.0909090909090909,0.1428571428571428,0.0,11,1,0,1,1,0,1,0,0
162,QHM-0000053,CRAFT,COc1cc(N)ccc1Br,,200.978925976,2,1,2.0399,35.25,1,<rdkit.Chem.rdchem.Mol object at 0x7a142cb97530>,COc1cc(N)ccc1Br,1.855,7,1,1,0.7,0.1,0.1,0.1428571428571428,0.0,10,1,0,1,0,0,1,0,0
163,QHM-0000047,CRAFT,Cc1ccc(S(=O)(=O)n2ccc(Br)c2)cc1,,298.96156166,3,0,2.7960200000000013,39.07,2,<rdkit.Chem.rdchem.Mol object at 0x7a142cb977d0>,Cc1ccc(S(=O)(=O)n2ccc(Br)c2)cc1,2.27,11,2,1,0.6875,0.125,0.0625,0.0909090909090909,0.0,16,2,0,2,1,0,2,0,0
164,QHM-0000046,CRAFT,Cc1ccc(S(=O)(=O)n2cccc2)cc1,,221.051049592,3,0,2.03352,39.07,2,<rdkit.Chem.rdchem.Mol object at 0x7a142cb97840>,Cc1ccc(S(=O)(=O)n2cccc2)cc1,2.05,11,2,1,0.7333333333333333,0.1333333333333333,0.0666666666666666,0.0909090909090909,0.0,15,2,0,2,1,0,2,0,0
165,QHM-0000044,CRAFT,c1c[nH]c(C2=NCCO2)c1,,136.063662876,2,1,0.7915000000000001,37.38,1,<rdkit.Chem.rdchem.Mol object at 0x7a142cb97920>,c1c[nH]c(C2=NCCO2)c1,3.292,7,1,2,0.7,0.1,0.2,0.2857142857142857,0.0,10,2,1,1,2,1,1,0,0
166,QHM-0000037,CRAFT,O=C(NCCCl)c1ccc[nH]1,,172.040340588,1,2,0.9832999999999998,44.89,3,<rdkit.Chem.rdchem.Mol object at 0x7a142cb97c30>,O=C(NCCCl)c1ccc[nH]1,2.43,7,1,2,0.6363636363636364,0.0909090909090909,0.1818181818181818,0.2857142857142857,0.0,11,1,0,1,1,0,1,0,0
167,QHM-0000036,CRAFT,C#CC(C)(C)OC1=CC(=O)c2ccccc2C1=O,,240.078644244,3,0,2.3779000000000003,43.370000000000005,2,<rdkit.Chem.rdchem.Mol object at 0x7a142cb97ca0>,C#CC(C)(C)OC1=CC(=O)c2ccccc2C1=O,2.769,15,3,0,0.8333333333333334,0.1666666666666666,0.0,0.2,0.0,18,2,1,1,0,0,1,0,0
168,QHM-0000033,CRAFT,Oc1cc2ccccc2o1,,134.036779432,2,1,2.1384,33.370000000000005,0,<rdkit.Chem.rdchem.Mol object at 0x7a142cb97df0>,O=C1Cc2ccccc2O1,2.114,8,2,0,0.8,0.2,0.0,0.0,0.0,10,2,0,2,1,0,2,0,0
169,QHM-0000029,CRAFT,CC1(C)C=CC2=C(O1)C(=O)c1ccccc1C2=O,,240.078644244,3,0,2.684700000000001,43.370000000000005,0,<rdkit.Chem.rdchem.Mol object at 0x7a142c52c040>,CC1(C)C=CC2=C(O1)C(=O)c1ccccc1C2=O,2.622,15,3,0,0.8333333333333334,0.1666666666666666,0.0,0.2,0.0,18,3,2,1,1,1,1,0,0
170,QHM-0000028,CRAFT,CC(C)C1(O)c2ccccc2C(=O)C2OC21,,218.094294308,3,1,1.4939,49.83,1,<rdkit.Chem.rdchem.Mol object at 0x7a142c52c0b0>,CC(C)C1(O)c2ccccc2C(=O)C2OC21,3.799,13,3,0,0.8125,0.1875,0.0,0.4615384615384615,0.2307692307692307,16,3,2,1,1,1,1,0,0
171,QHM-0000026,CRAFT,Cc1c(O)c2ccccc2c2[nH]c(=N)sc12,,230.05138394,3,3,2.8760900000000005,59.87,0,<rdkit.Chem.rdchem.Mol object at 0x7a142c52c190>,Cc1c(O)c2ccccc2c2nc(N)sc12,2.895,12,1,2,0.75,0.0625,0.125,0.0833333333333333,0.0,16,3,0,3,1,0,3,0,0
172,QHM-0000024,CRAFT,N=c1[nH]c2c(cc(O)c3ccccc32)s1,,216.035733876,3,3,2.567670000000001,59.870000000000005,0,<rdkit.Chem.rdchem.Mol object at 0x7a142c52c270>,Nc1nc2c(cc(O)c3ccccc32)s1,2.824,11,1,2,0.7333333333333333,0.0666666666666666,0.1333333333333333,0.0,0.0,15,3,0,3,1,0,3,0,0
173,QHM-0000014,CRAFT,Cc1cc(C)n2c1C=C1C=CC=[N+]1[B-]2(F)F,,220.098335192,1,0,2.3352400000000006,7.939999999999999,0,<rdkit.Chem.rdchem.Mol object at 0x7a142c52c6d0>,Cc1cc(C)n2c1C=C1C=CC=[N+]1[B-]2(F)F,4.425,11,0,2,0.6875,0.0,0.125,0.1818181818181818,0.0,16,3,2,1,3,2,1,0,0
174,QHM-0000005,CRAFT,O=C1C=C(Cl)C(=O)c2ccccc21,,191.99780708,2,0,2.1883,34.14,0,<rdkit.Chem.rdchem.Mol object at 0x7a142c52cac0>,O=C1C=C(Cl)C(=O)c2ccccc21,2.068,10,2,0,0.7692307692307693,0.1538461538461538,0.0,0.0,0.0,13,2,1,1,0,0,1,0,0
175,QHM-0000002,CRAFT,CC1(C)CCC2=C(O1)c1ccccc1C(=O)C2=O,,242.094294308,3,0,2.7521000000000013,43.370000000000005,0,<rdkit.Chem.rdchem.Mol object at 0x7a142c52cc10>,CC1(C)CCC2=C(O1)c1ccccc1C(=O)C2=O,2.624,15,3,0,0.8333333333333334,0.1666666666666666,0.0,0.3333333333333333,0.0,18,3,2,1,1,1,1,0,0
